ID,Concept,Property
s74,hand,a_body_part
s74,hand,has_a_wrist
s74,hand,has_5_fingers
s74,hand,used_for_grasping
s74,hand,used_for_doing
s74,dog,an_animal
s74,dog,used_for_company
s74,dog,eaten_by_Chinese
s74,dog,is_agressive
s74,dog,beh_-_bites
s74,dog,beh_-_drools
s74,dog,smells_bad
s74,horse,an_animal
s74,horse,used_for_pulling
s74,horse,is_fast
s74,horse,used_in_the_ancient_times
s74,horse,is_large
s74,eye,a_body_part
s74,eye,used_for_seeing
s74,eye,has_an_iris
s74,eye,has_a_pupil
s74,eye,different_colours
s74,apple,a_fruit
s74,apple,grows_in_fall
s74,apple,different_colours
s74,apple,tastes_sweet
s74,train,a_vehicle
s74,train,used_for_transportation
s74,train,has_cars
s74,train,used_on_rail_tracks
s74,train,requires_electricity
s74,potato,a_tuber
s74,potato,is_edible
s74,potato,is_brown
s74,potato,grows_underground
s74,potato,eaten_by_frying
s74,sword,a_weapon
s74,sword,a_side_arm
s74,sword,made_of_steel
s74,sword,is_ancient
s74,sword,used_for_killing
s75,leg,lower_part_of_body
s75,leg,a_body_part
s75,leg,has_2_joints
s75,leg,used_for_walking
s75,table,a_structure
s75,table,has_4_legs
s75,table,used_for_holding
s75,sweater,clothing
s75,sweater,worn_for_warmth
s75,shoes,clothing
s75,shoes,worn_on_feet
s75,shoes,worn_for_protection
s75,shoes,worn_for_walking
s75,broom,a_tool
s75,broom,used_for_cleaning
s75,broom,has_a_handle
s75,broom,has_bristles
s76,hand,extreme_part_of_arm
s76,hand,has_5_fingers
s76,hand,used_for_handling
s76,dog,a_mammal
s76,dog,has_4_legs
s76,dog,has_a_fur
s76,dog,is_man's_best_friend
s76,dog,is_medium_sized
s76,horse,a_mammal
s76,horse,is_large
s76,horse,has_4_legs
s76,horse,has_a_fur
s76,horse,beh_-_neighs
s76,horse,used_by_riding
s76,eye,a_body_part
s76,eye,part_of_head
s76,eye,used_for_seeing
s76,eye,used_for_distinguishing_colours
s76,eye,is_defected
s76,apple,a_fruit
s76,apple,is_hard
s76,apple,is_round
s76,apple,different_colours
s76,apple,is_edible
s76,train,a_vehicle
s76,train,used_for_travel
s76,train,used_on_rail_tracks
s76,train,has_cars
s76,train,used_by_many_passengers
s76,potato,a_tuber
s76,potato,is_yellow_inside
s76,potato,is_brown
s76,potato,is_edible
s76,sword,an_object
s76,sword,made_of_metal
s76,sword,is_sharp
s76,sword,used_for_hurting
s76,sword,used_for_killing
s77,leg,a_body_part
s77,leg,used_for_moving
s77,leg,there_are_2
s77,table,furniture
s77,table,has_4_legs
s77,table,used_for_eating_on
s77,sweater,clothing
s77,sweater,worn_on_top_of_shirts
s77,sweater,warmer_than_shirt
s77,sweater,less_warm_than_jacket
s77,shoes,clothing
s77,shoes,worn_for_covering_feet
s77,shoes,there_are_2
s77,broom,a_tool
s77,broom,used_for_cleaning
s77,broom,has_a_handle
s77,broom,is_long
s78,hand,has_5_fingers
s78,hand,a_body_part
s78,hand,used_for_grasping
s78,hand,made_of_flesh
s78,dog,a_mammal
s78,dog,has_a_fur
s78,dog,beh_-_makes_noises
s78,dog,an_animal
s78,dog,is_domestic
s78,horse,an_animal
s78,horse,is_tall
s78,horse,used_for_transportation
s78,eye,a_body_part
s78,eye,used_for_seeing
s78,apple,an_object
s78,apple,is_round
s78,apple,is_edible
s78,apple,is_green
s78,apple,is_red
s78,apple,is_yellow
s78,train,a_vehicle
s78,train,used_for_transportation
s78,train,used_on_rail_tracks
s78,train,requires_steam
s78,train,requires_gasoline
s78,train,requires_electricity
s78,potato,a_tuber
s78,potato,is_brown
s78,potato,is_edible
s78,sword,a_weapon
s78,sword,made_of_metal
s78,sword,is_ancient
s79,hand,extreme_part_of_arm
s79,hand,part_of_arm
s79,hand,used_for_grasping
s79,dog,a_mammal
s79,dog,different_sizes
s79,dog,beh_-_eats_meat
s79,dog,used_for_hunting
s79,dog,used_for_hunting
s79,dog,used_for_protection
s79,horse,a_mammal
s79,horse,has_4_legs
s79,horse,used_for_travel
s79,eye,an_organ
s79,eye,used_for_seeing
s79,eye,beh_-_sends_signals_to_brain
s79,apple,a_fruit
s79,apple,tastes_sour
s79,apple,different_colours
s79,train,a_vehicle
s79,train,used_for_travel
s79,train,used_on_rail_tracks
s79,train,is_from_nineteenth_century
s79,potato,like_a_vagina
s79,potato,a_vegetable
s79,sword,heroin
s79,sword,a_weapon
s79,sword,used_for_cutting
s80,hand,a_body_part
s80,hand,extreme_part_of_arm
s80,hand,has_5_fingers
s80,hand,used_for_grasping
s80,dog,an_animal
s80,dog,a_mammal
s80,dog,has_a_long_tail
s80,dog,has_a_short_tail
s80,dog,has_sharp_teeth
s80,dog,has_a_long_muzzle
s80,dog,has_a_short_muzzle
s80,dog,beh_-_walks_on_4_feet
s80,horse,a_mammal
s80,horse,larger_than_a_human
s80,horse,beh_-_walks_on_4_feet
s80,horse,has_a_long_tail
s80,horse,has_a_long_nozzle
s80,eye,a_body_part
s80,eye,part_of_head
s80,eye,is_round
s80,eye,used_for_seeing
s80,apple,a_fruit
s80,apple,is_round
s80,apple,is_green
s80,apple,is_yellow
s80,apple,is_red
s80,apple,tastes_sweet
s80,train,a_vehicle
s80,train,used_for_transportation
s80,train,has_many_cars
s80,train,has_a_caboose
s80,train,used_on_rail_tracks
s80,potato,a_tuber
s80,potato,is_yellow
s80,sword,an_object
s80,sword,has_a_pointed_end
s80,sword,has_a_handle
s80,sword,has_a_steel_blade
s80,sword,has_an_iron_blade
s81,leg,a_lower_limb
s81,leg,a_limb
s81,leg,used_for_moving
s81,table,used_for_holding
s81,table,used_for_working
s81,table,used_for_eating_on
s81,table,has_4_legs
s81,sweater,clothing
s81,sweater,worn_in_winter
s81,sweater,worn_for_the_cold
s81,shoes,clothing
s81,shoes,worn_on_feet
s81,shoes,worn_for_walking
s81,shoes,different_kinds
s81,shoes,worn_for_sports
s81,broom,an_object
s81,broom,used_for_floor_sweeping
s81,broom,used_for_tidying_up
s81,broom,has_a_handle
s81,broom,has_bristles
s82,hand,a_body_part
s82,hand,extreme_part_of_upper_limbs
s82,hand,used_for_grasping
s82,dog,has_4_legs
s82,dog,is_man's_best_friend
s82,dog,beh_-_bites
s82,horse,an_animal
s82,horse,is_fast
s82,horse,used_by_army
s82,eye,an_organ
s82,eye,used_for_seeing
s82,apple,a_fruit
s82,apple,is_juicy
s82,apple,is_healthy
s82,train,a_vehicle
s82,train,used_for_transportation
s82,train,is_fast
s82,train,is_large
s82,potato,like_a_vagina
s82,potato,a_vegetable
s82,potato,tastes_good
s82,sword,a_weapon
s82,sword,used_for_cutting
s82,sword,causes_pain
s83,leg,a_body_part
s83,leg,used_for_stability
s83,leg,connected_to_foot
s83,leg,connected_to_waist
s83,leg,made_of_flesh
s83,leg,has_bones
s83,leg,has_muscles
s83,table,furniture
s83,table,used_for_holding
s83,table,used_for_eating_on
s83,table,found_everywhere
s83,table,has_4_legs
s83,table,has_a_board
s83,sweater,clothing
s83,sweater,is_elegant
s83,sweater,made_of_wool
s83,sweater,worn_on_top_of_shirts
s83,shoes,worn_for_walking
s83,shoes,worn_for_protecting_feet
s83,shoes,is_comfortable
s83,shoes,is_beautiful
s83,broom,used_for_floor_cleaning
s83,broom,has_a_handle
s83,broom,made_of_straw
s84,hand,extreme_part_of_arm
s84,hand,has_5_fingers
s84,hand,has_an_opposable_thumb
s84,hand,used_for_grasping
s84,hand,used_for_feeling
s84,dog,an_animal
s84,dog,a_mammal
s84,dog,is_sociable
s84,dog,beh_-_barks
s84,dog,different_sizes
s84,dog,different_kinds
s84,dog,has_ears
s84,dog,has_a_muzzle
s84,dog,has_a_tail
s84,dog,has_4_legs
s84,horse,an_animal
s84,horse,a_mammal
s84,horse,has_4_legs
s84,horse,is_large
s84,horse,has_a_tail
s84,horse,has_a_mane
s84,horse,used_for_transportation
s84,horse,associated_with_saddles
s84,horse,used_by_riding
s84,horse,beh_-_neighs
s84,eye,an_organ
s84,eye,used_for_seeing
s84,eye,there_are_2
s84,eye,there_are_2
s84,eye,different_colours
s84,eye,is_green
s84,eye,is_brown
s84,eye,is_blue
s84,eye,is_black
s84,eye,is_violet
s84,eye,different_colours
s84,eye,made_of_water
s84,apple,a_fruit
s84,apple,has_a_core
s84,apple,has_a_stem
s84,apple,has_a_skin
s84,apple,has_seeds
s84,apple,has_pulp
s84,apple,is_green
s84,apple,is_yellow
s84,apple,is_red
s84,apple,like_a_fist
s84,train,a_vehicle
s84,train,used_for_transportation
s84,train,used_on_rail_tracks
s84,train,used_by_passengers
s84,train,used_for_cargo
s84,train,has_cars
s84,potato,a_tuber
s84,potato,grows_underground
s84,potato,is_edible
s84,potato,comes_from_America
s84,potato,different_sizes
s84,potato,is_small
s84,potato,has_starch
s84,sword,a_weapon
s84,sword,has_a_handle
s84,sword,has_a_blade
s84,sword,used_for_war
s84,sword,used_for_killing
s84,sword,is_long
s84,sword,is_heavy
s84,sword,made_of_iron
s84,sword,made_of_steel
s85,leg,a_limb
s85,leg,used_for_moving
s85,leg,there_are_2
s85,leg,has_bones
s85,leg,has_muscles
s85,leg,has_ligaments
s85,leg,has_veins
s85,leg,has_arteries
s85,table,has_a_board
s85,table,used_for_holding
s85,table,has_a_board
s85,table,is_rectangular
s85,table,has_3_legs
s85,table,has_legs
s85,sweater,clothing
s85,sweater,worn_on_torso
s85,sweater,worn_for_warmth
s85,sweater,worn_below_head
s85,shoes,clothing
s85,shoes,worn_on_feet
s85,shoes,has_a_sole
s85,shoes,has_a_lace
s85,broom,a_tool
s85,broom,used_for_floor_cleaning
s85,broom,has_a_handle
s85,broom,has_a_head
s86,hand,a_body_part
s86,hand,used_for_touching
s86,hand,used_for_touching
s86,hand,has_5_fingers
s86,dog,eg_-_goa
s86,dog,an_animal
s86,dog,is_domestic
s86,dog,used_for_company
s86,dog,is_man's_best_friend
s86,dog,smells_bad
s86,dog,is_sweet
s86,dog,used_for_guarding
s86,dog,is_faithful
s86,horse,an_animal
s86,horse,used_for_cargo
s86,horse,used_for_transportation
s86,horse,is_large
s86,horse,is_beautiful
s86,horse,is_fast
s86,eye,a_body_part
s86,eye,used_for_seeing
s86,eye,is_important
s86,eye,different_colours
s86,eye,different_shapes
s86,apple,a_fruit
s86,apple,is_green
s86,apple,is_red
s86,apple,is_yellow
s86,apple,has_many_vitamins
s86,apple,is_common
s86,apple,tastes_good
s86,train,a_vehicle
s86,train,is_public
s86,train,used_for_transportation
s86,train,requires_a_fare
s86,train,like_a_serpent
s86,train,used_on_rail_tracks
s86,potato,a_tuber
s86,potato,tastes_good
s86,potato,is_yellow
s86,potato,eaten_by_cooking
s86,potato,is_edible
s86,sword,a_weapon
s86,sword,is_medieval
s86,sword,used_by_knights
s86,sword,is_heavy
s87,leg,a_limb
s87,leg,used_for_walking
s87,leg,used_for_standing
s87,leg,has_a_mobile_part
s87,leg,has_joints
s87,leg,connected_to_foot
s87,table,has_a_board
s87,table,has_4_legs
s87,table,is_waist_tall
s87,table,is_waist_tall
s87,table,used_for_eating_on
s87,table,used_for_writing_on
s87,table,used_for_working
s87,table,used_for_writing_on
s87,sweater,a_relative_of_jackets
s87,sweater,made_of_cotton
s87,sweater,worn_for_covering
s87,sweater,worn_in_spring
s87,sweater,worn_in_fall
s87,shoes,worn_for_protecting_feet
s87,shoes,different_kinds
s87,shoes,a_fashion_accessory
s87,shoes,worn_for_covering_feet
s87,broom,used_for_floor_cleaning
s87,broom,has_a_handle
s87,broom,has_bristles
s88,hand,a_body_part
s88,hand,part_of_arm
s88,hand,used_for_grasping
s88,hand,used_for_doing
s88,hand,has_5_fingers
s88,hand,has_fingers
s88,hand,used_for_grasping
s88,dog,an_animal
s88,dog,has_4_legs
s88,dog,is_domestic
s88,dog,a_mammal
s88,dog,beh_-_barks
s88,dog,smells_bad
s88,dog,is_faithful
s88,horse,a_vehicle
s88,horse,used_for_transportation
s88,horse,an_animal
s88,horse,has_4_legs
s88,horse,has_a_mane
s88,horse,used_by_riding
s88,horse,lives_in_stables
s88,eye,an_organ
s88,eye,part_of_face
s88,eye,used_for_seeing
s88,eye,has_a_cornea
s88,eye,has_an_iris
s88,eye,has_a_pupil
s88,eye,used_for_seduction
s88,apple,a_fruit
s88,apple,has_a_skin
s88,apple,has_pulp
s88,apple,grows_on_trees
s88,apple,is_edible
s88,apple,eaten_in_strudel
s88,train,a_vehicle
s88,train,used_for_transportation
s88,train,used_for_transportation
s88,train,used_for_cargo
s88,train,used_on_rail_tracks
s88,train,makes_stops
s88,train,used_on_rail_tracks
s88,train,moves_from_one_point_to_the_other
s88,train,found_at_crossings
s88,potato,a_tuber
s88,potato,grows_underground
s88,potato,comes_from_America
s88,potato,used_for_dumplings
s88,potato,associated_with_hunger
s88,sword,a_weapon
s88,sword,used_for_cutting
s88,sword,used_for_killing
s88,sword,has_a_handle
s88,sword,has_a_blade
s88,sword,used_for_fencing
s88,sword,used_by_fencers
s88,sword,used_for_war
s89,leg,is_tall
s89,leg,connected_to_foot
s89,leg,has_muscles
s89,leg,used_for_moving
s89,leg,used_for_walking
s89,leg,used_for_pedaling
s89,leg,used_for_speeding_up
s89,table,has_chairs
s89,table,is_waist_tall
s89,table,has_4_legs
s89,table,found_everywhere
s89,sweater,a_sweater
s89,sweater,made_of_wool
s89,sweater,worn_for_warmth
s89,shoes,worn_for_covering_feet
s89,shoes,worn_above_socks
s90,hand,a_body_part
s90,hand,used_for_grasping
s90,hand,has_5_fingers
s90,hand,extreme_part_of_body
s90,dog,an_animal
s90,dog,beh_-_barks
s90,dog,different_sizes
s90,dog,different_colours
s90,horse,an_animal
s90,horse,is_strong
s90,horse,is_large
s90,horse,is_fast
s90,horse,has_a_large_jaw
s90,horse,beh_-_likes_sugar
s90,horse,used_by_riding
s90,horse,has_hooves
s90,horse,has_4_legs
s90,eye,a_body_part
s90,eye,used_for_seeing
s90,apple,a_fruit
s90,apple,is_round
s90,apple,has_thin_skin
s90,apple,different_colours
s90,apple,is_yellow
s90,apple,is_green
s90,apple,is_red
s90,apple,eaten_in_pies
s90,apple,used_for_juice
s90,train,a_vehicle
s90,train,used_for_transportation
s90,train,is_long
s90,train,has_many_cars
s90,potato,a_tuber
s90,sword,a_tool
s90,sword,has_a_pointed_end
s90,sword,used_for_hurting
s91,leg,a_lower_limb
s91,leg,a_limb
s91,leg,has_a_thigh
s91,leg,has_a_leg
s91,leg,there_are_2
s91,leg,used_for_walking
s91,table,has_a_board
s91,table,made_of_wood
s91,table,has_4_legs
s91,table,used_for_eating_on
s91,table,used_for_writing_on
s91,table,has_chairs
s91,table,is_important
s91,sweater,brings_bad_memories
s91,sweater,clothing
s91,sweater,associated_with_village_festivals
s91,shoes,worn_on_feet
s91,broom,a_tool
s91,broom,used_for_cleaning
s91,broom,associated_with_movie_with_dancing_brooms
s92,hand,a_body_part
s92,hand,used_for_grasping
s92,dog,an_animal
s92,dog,is_domestic
s92,dog,has_4_legs
s92,dog,beh_-_eats_everything
s92,dog,beh_-_has_strong_sense_of_smell
s92,horse,an_animal
s92,horse,lives_on_farms
s92,horse,has_4_legs
s92,horse,used_for_working
s92,horse,used_by_riding
s92,eye,a_body_part
s92,eye,part_of_head
s92,eye,used_for_seeing
s92,eye,different_colours
s92,apple,a_fruit
s92,apple,is_edible
s92,apple,has_a_skin
s92,apple,different_colours
s92,apple,associated_with_Snowhite
s92,train,a_vehicle
s92,train,used_for_transportation
s92,train,beh_-_moves
s92,train,used_on_rail_tracks
s92,train,has_many_cars
s92,train,has_a_caboose
s92,potato,a_tuber
s92,potato,grows_underground
s92,potato,is_edible
s92,potato,has_a_yellow_skin
s92,sword,bought/sold_in_stores
s92,sword,an_object
s92,sword,made_of_iron
s92,sword,made_of_bronze
s92,sword,made_of_copper
s92,sword,used_for_war
s92,sword,is_cross_shaped
s93,leg,a_body_part
s93,leg,there_are_2
s93,leg,used_for_walking
s93,table,an_object
s93,table,used_for_eating_on
s93,table,used_for_holding_plates
s93,table,used_for_holding_glasses
s93,table,used_for_writing_on
s93,sweater,clothing
s93,sweater,worn_for_the_cold
s93,sweater,worn_for_warmth
s93,sweater,different_colours
s93,shoes,an_object
s93,shoes,worn_on_feet
s93,shoes,worn_outside
s93,broom,is_long
s93,broom,has_a_handle
s93,broom,has_bristles
s93,broom,used_for_floor_cleaning
s94,hand,a_body_part
s94,hand,extreme_part_of_upper_limbs
s94,hand,used_for_grasping
s94,hand,used_for_writing
s94,dog,has_4_legs
s94,dog,different_kinds
s94,horse,has_4_legs
s94,horse,beh_-_moves
s94,eye,used_for_seeing
s94,apple,a_fruit
s94,apple,is_red
s94,apple,is_green
s94,apple,is_yellow
s94,apple,is_round
s94,train,a_vehicle
s94,train,used_for_transportation
s94,train,is_public
s94,train,used_on_rail_tracks
s94,potato,a_vegetable
s94,potato,grows_underground
s94,sword,an_object
s94,sword,used_for_war
s94,sword,has_a_pointed_end
s94,sword,made_of_iron
s94,sword,has_a_handle
s95,leg,a_body_part
s95,leg,used_for_standing
s95,leg,has_bones
s95,leg,made_of_flesh
s95,leg,has_a_fur
s95,table,furniture
s95,table,used_for_working
s95,table,used_for_writing_on
s95,table,used_for_eating_on
s95,table,used_by_sitting
s95,table,has_4_legs
s95,sweater,clothing
s95,sweater,made_of_wool
s95,sweater,is_prickly
s95,sweater,worn_for_warmth
s95,shoes,footware
s95,shoes,worn_on_feet
s95,shoes,has_a_sole
s95,shoes,has_a_lace
s95,shoes,has_a_frame
s95,broom,an_object
s95,broom,used_for_sweeping
s95,broom,has_a_handle
s95,broom,has_bristles
s95,broom,associated_with_witches
s95,broom,used_with_dustpan
s96,hand,a_body_part
s96,hand,used_for_grasping
s96,hand,used_for_writing
s96,hand,has_5_fingers
s96,hand,there_are_2
s96,dog,an_animal
s96,dog,lives_on_the_ground
s96,dog,has_4_legs
s96,dog,has_a_tail
s96,dog,is_faithful
s96,dog,is_man's_best_friend
s96,dog,different_kinds
s96,horse,has_4_legs
s96,horse,is_large
s96,horse,has_a_mane
s96,horse,has_hooves
s96,horse,is_hard_to_ride
s96,horse,used_for_pulling
s96,horse,used_for_pulling
s96,eye,a_body_part
s96,eye,used_for_seeing
s96,apple,a_fruit
s96,apple,is_red
s96,apple,is_green
s96,apple,has_an_edible_skin
s96,apple,is_small
s96,apple,is_healthy
s96,apple,is_round
s96,apple,grows_on_trees
s96,train,a_vehicle
s96,train,used_for_transportation
s96,train,used_on_rail_tracks
s96,train,has_cars
s96,train,is_fast
s96,train,is_long
s96,train,requires_a_fare
s96,potato,a_vegetable
s96,potato,a_tuber
s96,potato,grows_in_gardens
s96,potato,different_kinds
s96,potato,eaten_by_frying
s96,potato,eaten_by_boiling
s96,potato,eaten_by_oven_baking
s96,sword,a_tool
s96,sword,used_for_killing
s96,sword,is_sharp
s96,sword,is_sharp
s96,sword,used_by_knights
s97,leg,a_body_part
s97,leg,used_for_walking
s97,leg,used_for_running
s97,leg,used_for_jumping
s97,leg,used_for_moving
s97,leg,there_are_2
s97,table,furniture
s97,table,used_for_eating_on
s97,table,different_functions
s97,sweater,clothing
s97,sweater,worn_for_warmth
s97,sweater,worn_for_the_cold
s97,shoes,clothing
s97,shoes,worn_for_walking
s97,broom,a_tool
s97,broom,used_for_cleaning
s98,hand,a_body_part
s98,hand,has_5_fingers
s98,hand,used_for_grasping
s98,hand,has_an_opposable_thumb
s98,hand,there_are_2
s98,dog,an_animal
s98,dog,is_domestic
s98,dog,has_4_legs
s98,dog,has_a_tail
s98,dog,has_2_eyes
s98,dog,has_a_nose
s98,dog,has_a_mouth
s98,dog,has_2_ears
s98,dog,has_a_fur
s98,dog,used_for_company
s98,dog,used_for_protection
s98,dog,beh_-_barks
s98,horse,an_animal
s98,horse,has_4_legs
s98,horse,used_for_pulling
s98,horse,used_for_transportation
s98,horse,beh_-_neighs
s98,horse,is_fast
s98,horse,is_large
s98,horse,is_heavy
s98,eye,a_body_part
s98,eye,different_colours
s98,eye,is_brown
s98,eye,is_black
s98,eye,is_blue
s98,eye,is_green
s98,eye,used_for_seeing
s98,eye,there_are_2
s98,apple,a_fruit
s98,apple,grows_on_trees
s98,apple,is_green
s98,apple,is_yellow
s98,apple,is_red
s98,apple,is_healthy
s98,train,a_vehicle
s98,train,used_for_travel
s98,train,requires_a_fare
s98,train,used_on_rail_tracks
s98,train,follows_schedule
s98,train,is_fast
s98,train,not_stuck_in_traffic
s98,potato,a_vegetable
s98,potato,is_yellow
s98,potato,grows_in_gardens
s98,potato,eaten_by_boiling
s98,potato,eaten_by_frying
s98,sword,a_weapon
s98,sword,made_of_iron
s98,sword,used_by_knights
s98,sword,is_dangerous
s99,leg,a_body_part
s99,leg,used_for_walking
s99,leg,a_limb
s99,leg,a_lower_limb
s99,leg,connected_to_foot
s99,table,has_a_board
s99,table,made_of_wood
s99,table,used_for_eating_on
s99,table,used_for_working
s99,table,has_4_legs
s99,table,found_at_ground_level
s99,sweater,clothing
s99,sweater,worn_in_winter
s99,sweater,worn_for_warmth
s99,sweater,worn_by_people
s99,sweater,different_colours
s99,sweater,different_shapes
s99,shoes,worn
s99,shoes,worn_on_feet
s99,shoes,worn_for_walking
s99,shoes,different_kinds
s99,broom,used_for_cleaning
s99,broom,has_a_handle
s99,broom,has_bristles
s100,hand,a_limb
s100,hand,has_5_fingers
s100,hand,has_an_opposable_thumb
s100,dog,an_animal
s100,dog,has_4_legs
s100,horse,an_animal
s100,horse,is_edible
s100,eye,like_an_open_wound
s100,eye,part_of_face
s100,apple,a_fruit
s100,apple,grows_on_apple_trees
s100,apple,is_edible
s100,train,a_vehicle
s100,train,used_for_transportation
s100,potato,a_tuber
s100,potato,is_edible
s100,potato,is_yellow
s100,sword,used_for_killing
s101,leg,a_limb
s101,leg,a_lower_limb
s101,leg,used_for_walking
s101,table,furniture
s101,table,used_for_holding
s101,table,found_in_houses
s101,sweater,clothing
s101,sweater,worn_for_the_cold
s101,shoes,worn_for_walking
s101,shoes,worn_for_protecting_feet
s101,shoes,worn_on_feet
s101,broom,used_for_removing_dust
s101,broom,is_large
s101,broom,has_a_handle
s102,shoes,worn_on_feet
s102,shoes,different_colours
s102,shoes,has_a_sole
s102,shoes,has_a_lace
s102,shoes,worn_for_covering_feet
s102,shoes,worn_for_walking
s102,shoes,worn_for_protecting_feet
s102,sword,a_weapon
s102,sword,is_medieval
s102,sword,is_long
s102,sword,has_a_pointed_end
s102,sword,is_sharp
s102,sword,made_of_iron
s102,sword,has_a_handle
s102,horse,an_animal
s102,horse,has_a_mane
s102,horse,has_a_tail
s102,horse,used_for_transportation
s102,horse,is_fast
s102,broom,used_for_floor_cleaning
s102,broom,has_a_handle
s102,broom,has_bristles
s102,dog,an_animal
s102,dog,is_small
s102,dog,is_large
s102,dog,has_4_legs
s102,dog,is_lively
s102,dog,is_man's_best_friend
s102,eye,used_for_seeing
s102,eye,there_are_2
s102,eye,different_colours_and_shapes
s102,eye,is_delicate
s102,eye,part_of_face
s102,train,a_vehicle
s102,train,used_for_transportation
s102,train,has_many_cars
s102,train,used_by_many_passengers
s102,train,used_on_rail_tracks
s103,apple,is_edible
s103,apple,a_fruit
s103,apple,grows_on_trees
s103,apple,has_many_vitamins
s103,apple,is_healthy
s103,potato,is_edible
s103,potato,a_vegetable
s103,potato,eaten_by_frying
s103,potato,eaten_by_boiling
s103,potato,eaten_by_oven_baking
s103,potato,eaten_by_cooking
s103,hand,a_body_part
s103,hand,there_are_2
s103,hand,is_useful
s103,table,made_of_wood
s103,table,found_in_houses
s103,table,found_in_offices
s103,table,used_for_eating_on
s103,table,used_for_working
s103,table,used_for_writing_on
s103,table,has_4_legs
s103,sweater,clothing
s103,sweater,eg_-_a_pull-over
s103,sweater,worn_in_winter
s103,sweater,worn_for_the_cold
s103,sweater,made_of_wool
s103,leg,a_body_part
s103,leg,has_muscles
s103,leg,there_are_2
s104,shoes,an_object
s104,shoes,is_useful
s104,shoes,worn_for_walking
s104,shoes,worn_for_protecting_feet
s104,shoes,worn_for_covering_feet
s104,sword,a_weapon
s104,sword,is_dangerous
s104,sword,is_medieval
s104,sword,has_a_blade
s104,sword,has_a_handle
s104,horse,an_animal
s104,horse,is_fascinating
s104,horse,has_4_long_legs
s104,horse,has_lean_body
s104,horse,a_mammal
s104,broom,like_a_large_brush
s104,broom,used_for_floor_cleaning
s104,dog,an_animal
s104,dog,is_common
s104,dog,found_in_cities
s104,dog,is_man's_best_friend
s104,eye,used_for_seeing
s104,train,a_vehicle
s104,train,used_for_transportation
s104,train,a_relative_of_cars
s104,train,used_on_rail_tracks
s105,apple,a_fruit
s105,apple,is_edible
s105,apple,different_colours
s105,apple,is_hard
s105,potato,is_edible
s105,potato,a_tuber
s105,potato,is_edible
s105,potato,grows_on_the_ground
s105,potato,a_vegetable
s105,potato,is_round
s105,potato,is_yellow
s105,potato,is_red
s105,potato,is_hard
s105,potato,eaten_by_cooking
s105,hand,a_body_part
s105,hand,has_fingers
s105,hand,used_for_grasping
s105,hand,used_for_doing
s105,table,is_hard
s105,table,made_of_wood
s105,table,made_of_different_materials
s105,table,is_rectangular
s105,table,is_round
s105,table,has_4_legs
s105,table,an_object
s105,table,used_for_eating_on
s105,table,used_for_holding
s105,table,used_for_working
s105,sweater,clothing
s105,sweater,worn_for_covering
s105,sweater,worn_for_warmth
s105,sweater,made_of_different_materials
s105,sweater,worn_for_the_cold
s105,leg,a_body_part
s105,leg,there_are_2
s105,leg,used_for_walking
s105,leg,used_for_standing
s105,leg,a_limb
s106,shoes,worn_on_feet
s106,shoes,worn_for_protection
s106,shoes,worn_for_protection
s106,shoes,worn_for_protection
s106,shoes,has_a_lace
s106,sword,a_weapon
s106,sword,has_a_handle
s106,sword,has_a_blade
s106,sword,is_ancient
s106,sword,used_by_warriors
s106,horse,an_animal
s106,horse,a_mammal
s106,horse,has_4_legs
s106,horse,has_a_mane
s106,horse,used_for_transportation
s106,horse,used_for_travel
s106,broom,a_tool
s106,broom,used_for_floor_cleaning
s106,broom,has_a_long_handle
s106,broom,has_bristles
s106,broom,found_in_houses
s106,dog,an_animal
s106,dog,a_mammal
s106,dog,is_man's_best_friend
s106,dog,has_4_legs
s106,dog,found_everywhere
s106,eye,an_organ
s106,eye,there_are_2
s106,eye,used_for_seeing
s106,eye,is_round
s106,train,a_vehicle
s106,train,used_for_transportation
s106,train,used_on_rail_tracks
s106,train,has_cars
s107,apple,a_fruit
s107,apple,different_colours
s107,apple,grows_on_apple_trees
s107,apple,is_round
s107,potato,a_tuber
s107,potato,is_edible
s107,potato,is_yellow
s107,potato,has_a_dark_skin
s107,potato,grows_underground
s107,hand,a_body_part
s107,hand,connected_to_wrist
s107,hand,used_for_grasping
s107,hand,has_parts
s107,table,furniture
s107,table,has_a_board
s107,table,has_4_legs
s107,table,used_for_holding
s107,sweater,clothing
s107,sweater,is_made
s107,sweater,made_of_different_materials
s107,sweater,worn_for_covering_the_upper_body
s107,sweater,worn_in_winter
s107,leg,a_limb
s107,leg,a_lower_limb
s107,leg,a_body_part
s107,leg,used_for_moving
s107,leg,has_different_parts
s107,leg,has_a_thigh
s107,leg,has_a_knee
s107,leg,has_a_calf
s108,shoes,an_object
s108,shoes,is_useful
s108,shoes,worn_for_walking
s108,shoes,different_shapes
s108,sword,a_tool
s108,sword,has_a_pointed_end
s108,sword,is_ancient
s108,sword,is_dangerous
s108,sword,used_for_war
s108,horse,an_animal
s108,horse,is_large
s108,horse,has_4_legs
s108,horse,used_for_transportation
s108,horse,beh_-_eats_grass
s108,broom,has_a_handle
s108,broom,has_bristles
s108,broom,used_for_cleaning
s108,broom,made_of_wood
s108,broom,found_in_houses
s108,dog,an_animal
s108,dog,used_for_company
s108,dog,is_man's_best_friend
s108,dog,a_mammal
s108,dog,different_kinds
s108,eye,an_organ
s108,eye,used_for_seeing
s108,eye,has_different_parts
s108,eye,is_useful
s108,eye,used_for_seeing
s108,train,a_vehicle
s108,train,used_for_transportation
s108,train,used_on_rail_tracks
s108,train,requires_a_fare
s108,train,is_fast
s109,apple,a_fruit
s109,apple,is_edible
s109,apple,is_red
s109,apple,is_green
s109,apple,is_yellow
s109,apple,is_round
s109,potato,a_tuber
s109,potato,is_edible
s109,potato,eaten_by_cooking
s109,potato,is_small
s109,hand,a_body_part
s109,hand,used_for_handling
s109,hand,extreme_part_of_arm
s109,hand,has_5_fingers
s109,table,an_object
s109,table,has_a_board
s109,table,used_for_eating_on
s109,table,used_for_holding
s109,table,different_sizes
s109,table,different_colours
s109,table,made_of_different_materials
s109,sweater,clothing
s109,sweater,used_by_wearing
s109,sweater,worn_on_the_upper_body
s109,sweater,worn_for_keeping_arms_warm
s109,sweater,worn_for_keeping_torso_warm
s109,sweater,different_sizes
s109,sweater,different_colours
s109,leg,a_body_part
s109,leg,lower_part_of_body
s109,leg,used_for_support
s109,leg,used_for_walking
s110,shoes,worn_on_feet
s110,shoes,worn_for_protecting_feet
s110,shoes,worn_for_walking
s110,shoes,different_sizes
s110,sword,a_weapon
s110,sword,is_dangerous
s110,sword,used_for_killing
s110,sword,is_ancient
s110,horse,an_animal
s110,horse,a_mammal
s110,horse,used_for_transportation
s110,horse,is_large
s110,broom,used_for_floor_sweeping
s110,broom,has_a_long_handle
s110,dog,an_animal
s110,dog,a_mammal
s110,dog,is_man's_best_friend
s110,dog,is_faithful
s110,eye,a_body_part
s110,eye,used_for_seeing
s110,eye,used_for_seeing
s110,eye,has_eyelashes
s110,eye,different_colours
s110,train,a_vehicle
s110,train,used_for_transportation
s110,train,is_large
s110,train,has_cars
s111,apple,grows_on_apple_trees
s111,apple,different_sizes
s111,apple,is_red
s111,apple,is_green
s111,apple,is_edible
s111,potato,a_tuber
s111,potato,is_yellow
s111,potato,is_edible
s111,potato,comes_from_America
s111,potato,tastes_sweet
s111,hand,part_of_arm
s111,hand,used_for_grasping
s111,table,has_4_legs
s111,table,has_a_board
s111,table,made_of_different_materials
s111,sweater,clothing
s111,sweater,worn_on_top_of_shirts
s111,sweater,worn_on_top_of_shirts
s111,sweater,made_of_soft_wool
s111,leg,a_limb
s111,leg,a_lower_limb
s112,shoes,worn_for_walking
s112,shoes,worn_on_feet
s112,shoes,has_a_sole
s112,shoes,made_of_suede
s112,shoes,made_of_cloth
s112,sword,made_of_metal
s112,sword,is_sharp
s112,sword,used_by_grasping
s112,sword,is_heavy
s112,horse,has_4_legs
s112,horse,beh_-_sweats
s112,horse,beh_-_neighs
s112,horse,has_hooves
s112,broom,used_for_cleaning
s112,broom,has_bristles
s112,broom,has_a_handle
s112,dog,has_4_legs
s112,dog,is_domestic
s112,dog,is_man's_best_friend
s112,dog,has_canine_teeth
s112,eye,used_for_seeing
s112,eye,has_a_pupil
s112,eye,has_an_iris
s112,eye,different_colours
s112,train,a_vehicle
s112,train,used_for_transportation
s112,train,used_on_rail_tracks
s112,train,requires_gasoline
s112,train,requires_electricity
s112,train,has_cars
s113,apple,a_fruit
s113,apple,is_round
s113,apple,has_a_core
s113,apple,is_red
s113,apple,is_yellow
s113,apple,has_a_few_seeds
s113,potato,a_vegetable
s113,potato,grows_underground
s113,potato,has_starch
s113,hand,has_5_fingers
s113,hand,used_for_writing
s113,hand,used_for_playing_basketball
s113,hand,used_for_greeting
s113,table,is_hard
s113,table,used_for_writing_on
s113,table,used_for_eating_on
s113,table,used_for_holding_plates
s113,table,used_for_holding_cutlery
s113,sweater,worn_for_covering
s113,sweater,a_relative_of_jackets
s113,sweater,made_of_wool
s113,sweater,made_of_cotton
s113,sweater,worn_for_the_cold
s113,leg,there_are_2
s113,leg,used_for_moving
s113,leg,lower_than_torso
s113,leg,stronger_than_arms
s114,apple,is_edible
s114,apple,different_colours
s114,apple,different_kinds
s114,apple,is_round
s114,apple,grows_on_apple_trees
s114,potato,a_tuber
s114,potato,is_yellow
s114,potato,comes_from_America
s114,potato,eaten_as_side_dish
s114,potato,eaten_by_boiling
s114,hand,a_body_part
s114,hand,used_for_writing
s114,hand,used_for_pointing
s114,hand,used_for_grasping
s114,hand,is_important
s114,table,made_of_different_materials
s114,table,used_for_holding
s114,table,used_for_eating_on
s114,table,used_for_working
s114,table,found_at_ground_level
s114,sweater,eg_-_a_pull-over
s114,sweater,is_heavy
s114,sweater,worn_for_the_cold
s114,sweater,worn_for_warmth
s114,sweater,worn_for_covering_torso
s114,leg,a_lower_limb
s114,leg,a_limb
s114,leg,used_for_walking
s114,leg,is_important
s114,leg,there_are_2
s115,shoes,is_common
s115,shoes,worn_in_summer
s115,shoes,different_kinds
s115,shoes,different_sizes
s115,shoes,different_colours
s115,shoes,worn_on_feet
s115,shoes,worn_by_tying_with_laces
s115,shoes,worn_by_tying_with_rubber_bands
s115,sword,a_weapon
s115,sword,is_fish_shaped
s115,sword,used_for_protection
s115,sword,used_for_war
s115,sword,different_shapes
s115,sword,different_sizes
s115,sword,made_by_smiths
s115,horse,an_animal
s115,horse,an_equine
s115,horse,has_4_legs
s115,horse,used_for_pulling
s115,horse,used_for_racing
s115,horse,used_for_betting
s115,horse,has_hooves
s115,horse,is_edible
s115,horse,is_edible
s115,broom,used_for_cleaning
s115,broom,has_bristles
s115,broom,has_bristles
s115,broom,made_of_plastic
s115,broom,made_of_wood
s115,dog,an_animal
s115,dog,a_canid
s115,dog,has_4_legs
s115,dog,beh_-_eats_everything
s115,dog,is_man's_best_friend
s115,dog,is_faithful
s115,dog,different_kinds
s115,dog,different_shapes
s115,eye,an_organ
s115,eye,used_for_seeing
s115,eye,beh_-_sends_signals_to_brain
s115,eye,different_colours
s115,eye,different_shapes
s115,train,has_cars
s115,train,has_a_caboose
s115,train,used_on_rail_tracks
s115,train,used_for_cargo
s115,train,used_by_passengers
s116,apple,a_fruit
s116,apple,is_edible
s116,apple,grows_on_trees
s116,apple,is_red
s116,apple,is_yellow
s116,potato,grows_underground
s116,potato,is_edible
s116,potato,is_yellow
s116,hand,extreme_part_of_arm
s116,hand,has_5_fingers
s116,hand,used_for_touching
s116,hand,used_for_grasping
s116,table,used_for_holding
s116,table,has_4_legs
s116,table,used_for_eating_on
s116,sweater,clothing
s116,sweater,worn_for_warmth
s116,sweater,worn_for_the_cold
s116,leg,a_limb
s116,leg,used_for_moving
s116,leg,connected_to_foot
s117,shoes,worn_on_feet
s117,shoes,worn_for_walking
s117,shoes,made_of_suede
s117,shoes,has_a_sole
s117,shoes,has_a_lace
s117,shoes,different_kinds
s117,shoes,worn_for_sports
s117,shoes,is_elegant
s117,shoes,worn_on_mountains
s117,sword,a_weapon
s117,sword,made_of_iron
s117,sword,has_a_handle
s117,sword,has_a_blade
s117,sword,used_by_warriors
s117,sword,is_medieval
s117,horse,a_mammal
s117,horse,has_4_legs
s117,horse,is_fast
s117,horse,is_strong
s117,horse,beh_-_eats_grass
s117,horse,is_large
s117,broom,a_tool
s117,broom,used_for_cleaning
s117,broom,has_bristles
s117,broom,has_a_handle
s117,broom,different_sizes
s117,dog,a_mammal
s117,dog,is_medium_sized
s117,dog,beh_-_barks
s117,dog,beh_-_eats_everything
s117,dog,has_a_fur
s117,dog,has_4_legs
s117,dog,has_a_tail
s117,dog,is_man's_best_friend
s117,eye,a_body_part
s117,eye,used_for_seeing
s117,eye,has_an_iris
s117,eye,has_a_pupil
s117,eye,has_a_cornea
s117,eye,part_of_face
s117,eye,there_are_2
s117,train,a_vehicle
s117,train,used_for_transportation
s117,train,used_on_rail_tracks
s117,train,has_a_caboose
s117,train,has_cars
s117,train,requires_pilots
s118,apple,a_fruit
s118,apple,is_round
s118,apple,3_colours
s118,apple,is_red
s118,apple,is_yellow
s118,apple,is_green
s118,apple,grows_on_trees
s118,apple,is_edible
s118,apple,grows_in_countryside
s118,potato,a_root
s118,potato,grows_underground
s118,potato,comes_from_America
s118,potato,is_edible
s118,potato,eaten_by_boiling
s118,potato,eaten_by_sautéing
s118,potato,eaten_by_oven_baking
s118,potato,eaten_by_frying
s118,potato,is_yellow
s118,potato,has_starch
s118,hand,extreme_part_of_arm
s118,hand,has_5_fingers
s118,hand,used_for_grasping
s118,hand,used_for_pointing
s118,hand,used_for_moving_things
s118,table,furniture
s118,table,has_4_legs
s118,table,has_a_board
s118,table,used_for_holding
s118,table,made_of_wood
s118,table,made_of_plastic
s118,table,made_of_iron
s118,sweater,clothing
s118,sweater,a_relative_of_sweatshirts
s118,sweater,made_of_wool
s118,sweater,has_a_long_neck
s118,sweater,has_long_sleeves
s118,leg,a_body_part
s118,leg,there_are_2
s118,leg,connected_to_foot
s118,leg,connected_to_waist
s118,leg,used_for_walking
s118,leg,used_for_moving
s118,leg,beh_-_bends
s119,shoes,an_object
s119,shoes,worn_outside
s119,shoes,worn_for_walking
s119,shoes,worn_on_feet
s119,shoes,different_colours
s119,shoes,different_shapes
s119,shoes,made_of_different_materials
s119,shoes,has_a_lace
s119,sword,an_object
s119,sword,a_weapon
s119,sword,used_for_war
s119,sword,different_shapes
s119,sword,different_sizes
s119,sword,has_an_iron_blade
s119,sword,has_a_steel_blade
s119,sword,used_for_cutting
s119,sword,has_a_handle
s119,horse,an_animal
s119,horse,has_4_legs
s119,horse,beh_-_eats_grass
s119,horse,different_kinds
s119,horse,different_colours
s119,horse,different_sizes
s119,horse,used_for_travel
s119,horse,used_for_racing
s119,horse,is_edible
s119,horse,is_edible
s119,broom,has_a_handle
s119,broom,has_bristles
s119,broom,used_with_2_hands
s119,broom,used_by_moving_it_over_the_floor
s119,broom,used_for_cleaning
s119,broom,used_for_removing_dust
s119,dog,an_animal
s119,dog,is_domestic
s119,dog,owned_by_humans
s119,dog,has_4_legs
s119,dog,has_2_eyes
s119,dog,has_a_mouth
s119,dog,found_in_houses
s119,dog,requires_attention
s119,eye,a_body_part
s119,eye,used_for_moving
s119,train,a_vehicle
s119,train,used_for_moving
s119,train,used_on_rail_tracks
s119,train,makes_stops
s119,train,has_seats
s120,apple,grows_in_orchards
s120,apple,grows_in_orchards
s120,apple,is_edible
s120,apple,is_yellow
s120,apple,is_green
s120,apple,is_red
s120,apple,a_fruit
s120,potato,comes_from_America
s120,potato,a_tuber
s120,potato,eaten_by_cooking
s120,hand,a_body_part
s120,hand,used_for_grasping
s120,hand,used_for_future_telling
s120,hand,used_for_future_telling
s120,table,has_a_board
s120,table,has_4_legs
s120,table,used_for_holding
s120,sweater,clothing
s120,sweater,worn_in_winter
s120,sweater,worn_for_warmth
s120,sweater,different_colours
s120,sweater,different_patterns
s120,sweater,bought/sold_in_stores
s120,leg,a_body_part
s120,leg,has_2_legs
s120,leg,has_muscles
s120,leg,has_bones
s120,leg,has_ligaments
s120,leg,has_ligaments
s120,leg,has_joints
s120,leg,used_for_support
s121,shoes,worn_on_feet
s121,shoes,different_shapes
s121,shoes,different_colours
s121,shoes,has_a_lace
s121,sword,made_of_iron
s121,sword,has_a_handle
s121,sword,has_a_blade
s121,sword,is_heavy
s121,sword,is_long
s121,sword,is_short
s121,sword,used_for_cutting
s121,sword,is_sharp
s121,horse,has_hooves
s121,horse,is_large
s121,horse,different_colours
s121,horse,is_fast
s121,horse,used_by_riding
s121,horse,beh_-_eats_grass
s121,broom,an_object
s121,broom,used_for_floor_cleaning
s121,broom,has_a_wooden_handle
s121,dog,an_animal
s121,dog,has_a_fur
s121,dog,has_4_legs
s121,dog,different_colours
s121,eye,used_for_seeing
s121,eye,is_round
s121,eye,different_colours
s121,eye,a_body_part
s121,train,a_vehicle
s121,train,has_many_wheels
s121,train,used_on_rail_tracks
s121,train,is_loud
s122,apple,is_red
s122,apple,is_yellow
s122,apple,is_green
s122,apple,is_round
s122,apple,tastes_sweet
s122,apple,is_white_inside
s122,potato,is_starchy
s122,potato,is_round
s122,potato,is_brown
s122,potato,is_edible
s122,potato,is_starchy
s122,potato,is_yellow_inside
s122,hand,there_are_2
s122,hand,is_pink
s122,hand,has_5_fingers
s122,hand,longer_in_women
s122,table,is_rectangular
s122,table,is_round
s122,table,has_4_legs
s122,table,has_3_legs
s122,table,made_of_wood
s122,sweater,made_of_wool
s122,sweater,made_of_synthetic_materials
s122,sweater,worn_for_warmth
s122,sweater,is_soft
s122,sweater,worn_on_top_of_sweaters
s122,sweater,worn_on_top_of_shirts
s122,sweater,worn_under_jacket
s122,leg,used_for_walking
s122,leg,used_for_running
s122,leg,used_for_jumping
s122,leg,connected_to_foot
s122,leg,there_are_2
s122,leg,beh_-_bends_at_knees
s122,leg,beh_-_bends_at_ankle
s123,shoes,clothing
s123,shoes,worn_on_feet
s123,shoes,has_a_lace
s123,shoes,has_a_sole
s123,shoes,is_elegant
s123,shoes,worn_for_sports
s123,shoes,has_a_heel
s123,sword,a_weapon
s123,sword,a_side_arm
s123,sword,has_a_handle
s123,sword,has_a_blade
s123,sword,is_sharp
s123,sword,has_a_sheath
s123,sword,is_medieval
s123,horse,an_animal
s123,horse,a_mammal
s123,horse,has_4_legs
s123,horse,has_a_long_tail
s123,horse,has_short_fur
s123,horse,has_a_long_nozzle
s123,horse,has_hooves
s123,horse,beh_-_neighs
s123,horse,is_edible
s123,horse,lives_in_mountains
s123,horse,used_for_transportation
s123,broom,an_object
s123,broom,used_for_floor_cleaning
s123,broom,has_a_handle
s123,broom,has_bristles
s123,broom,used_by_handle_side
s123,dog,an_animal
s123,dog,a_mammal
s123,dog,has_4_legs
s123,dog,beh_-_barks
s123,dog,has_a_tail
s123,dog,has_a_long_fur
s123,dog,has_a_short_fur
s123,dog,beh_-_eats_everything
s123,dog,is_domestic
s123,eye,a_body_part
s123,eye,used_for_seeing
s123,eye,different_colours
s123,eye,has_a_cornea
s123,eye,has_an_iris
s123,eye,has_an_eyelid
s123,train,a_vehicle
s123,train,used_for_transportation
s123,train,used_on_rail_tracks
s123,train,has_a_caboose
s123,train,has_cars
s123,train,requires_electricity
s123,train,requires_coal
s123,train,used_by_passengers
s123,train,used_for_cargo
s124,sweater,clothing
s124,sweater,worn_for_the_cold
s124,sweater,made_of_different_materials
s124,sweater,different_colours
s124,sweater,worn_for_covering_torso
s124,sweater,worn_for_covering_arms
s124,horse,a_mammal
s124,horse,has_4_legs
s124,horse,is_large
s124,horse,has_a_mane
s124,horse,has_a_fur
s124,horse,used_by_people
s124,horse,used_for_transportation
s124,hand,extreme_part_of_arm
s124,hand,has_a_palm
s124,hand,has_5_fingers
s124,hand,used_for_grasping
s124,hand,has_nails
s124,sword,an_object
s124,sword,is_sharp
s124,sword,a_weapon
s124,sword,used_for_protection
s124,sword,has_a_handle
s124,sword,has_a_sharp_blade
s124,potato,is_edible
s124,potato,a_vegetable
s124,potato,is_edible
s124,potato,is_edible
s124,potato,is_brown
s124,potato,is_yellow_inside
s125,shoes,there_are_2
s125,shoes,there_are_2
s125,shoes,made_of_suede
s125,shoes,made_of_different_materials
s125,shoes,has_a_lace
s125,shoes,has_a_strap
s125,shoes,worn_for_covering_feet
s125,shoes,has_a_sole
s125,shoes,has_a_sole
s125,broom,has_handle
s125,broom,has_bristles
s125,broom,a_tool
s125,broom,used_for_floor_sweeping
s125,eye,a_body_part
s125,eye,used_for_seeing
s125,eye,has_an_iris
s125,eye,has_a_pupil
s125,eye,has_a_retina
s125,eye,used_for_seeing
s125,table,has_a_board
s125,table,used_for_writing_on
s125,table,used_for_eating_on
s125,table,has_a_wooden_board
s125,table,has_a_board
s125,table,different_shapes
s125,table,has_4_legs
s125,leg,a_body_part
s125,leg,connected_to_waist
s125,leg,connected_to_foot
s125,leg,used_for_walking
s125,leg,used_for_moving
s125,train,a_vehicle
s125,train,used_for_transportation
s125,train,travels_on_the_ground
s125,train,used_on_rail_tracks
s125,train,has_cars
s125,train,used_for_travel
s125,train,has_wheels
s125,apple,a_fruit
s125,apple,grows_on_trees
s125,apple,has_small_seeds
s125,apple,has_a_pit
s125,apple,has_a_skin
s125,apple,is_juicy
s125,apple,is_edible
s125,apple,is_round
s125,apple,different_kinds
s125,dog,an_animal
s125,dog,has_4_legs
s125,dog,has_a_fur
s125,dog,is_faithful
s125,dog,is_man's_best_friend
s125,dog,beh_-_barks
s125,dog,has_teeth
s125,dog,beh_-_bites
s125,dog,beh_-_sweats_from_tongue
s126,sweater,clothing
s126,sweater,has_long_sleeves
s126,sweater,made_of_different_materials
s126,sweater,different_colours
s126,sweater,worn_on_torso
s126,sweater,worn_for_warmth
s126,horse,an_animal
s126,horse,is_large
s126,horse,has_4_legs
s126,horse,has_a_long_tail
s126,horse,has_a_mane
s126,horse,used_by_riding
s126,horse,has_4_hooves
s126,horse,is_domestic
s126,horse,has_a_long_nozzle
s126,horse,a_mammal
s126,hand,a_body_part
s126,hand,used_for_grasping
s126,hand,has_fingers
s126,hand,has_a_palm
s126,hand,connected_to_wrist
s126,sword,made_of_metal
s126,sword,a_weapon
s126,sword,used_by_knights
s126,sword,has_a_handle
s126,sword,has_a_blade
s126,sword,has_a_sheath
s126,sword,is_long
s126,sword,is_long
s126,sword,used_for_cutting
s126,potato,a_vegetable
s126,potato,is_yellow
s126,potato,a_tuber
s126,potato,is_edible
s126,potato,eaten_by_cooking
s127,shoes,different_colours
s127,shoes,different_kinds
s127,shoes,worn_on_feet
s127,shoes,worn_for_protecting_feet
s127,shoes,has_a_lace
s127,broom,used_for_floor_cleaning
s127,broom,has_a_handle
s127,broom,has_bristles
s127,broom,different_kinds
s127,broom,found_in_covered_locations
s127,eye,there_are_2
s127,eye,used_for_seeing
s127,eye,different_shapes
s127,eye,different_colours
s127,table,furniture
s127,table,used_for_holding
s127,table,used_for_eating_on
s127,table,made_of_different_materials
s127,leg,has_3_bones
s127,leg,has_a_tibia
s127,leg,has_a_femure
s127,leg,has_fibula
s127,leg,connected_to_waist
s127,leg,connected_to_foot
s127,leg,used_for_walking
s127,leg,has_a_thigh
s127,leg,has_a_knee
s127,leg,has_a_calf
s127,leg,there_are_2
s127,train,a_vehicle
s127,train,used_for_transportation
s127,train,makes_stops
s127,train,made_of_iron
s127,train,used_on_rail_tracks
s127,train,is_fast
s127,train,used_by_many_passengers
s127,apple,a_fruit
s127,apple,different_kinds
s127,apple,has_seeds
s127,apple,has_a_stem
s127,apple,different_colours
s127,dog,an_animal
s127,dog,is_domestic
s127,dog,has_ears
s127,dog,has_4_legs
s127,dog,beh_-_eats_everything
s127,dog,beh_-_barks
s127,dog,beh_-_produces_offspring
s128,shoes,worn_on_feet
s128,shoes,worn_for_protecting_feet
s128,shoes,has_a_lace
s128,broom,used_for_cleaning
s128,broom,has_a_handle
s128,broom,found_in_covered_locations
s128,eye,a_body_part
s128,eye,used_for_seeing
s128,eye,is_blue
s128,eye,is_brown
s128,eye,is_black
s128,eye,is_green
s128,eye,is_round
s128,table,furniture
s128,table,found_in_houses
s128,table,made_of_wood
s128,table,used_for_eating_on
s128,table,used_for_writing_on
s128,leg,a_body_part
s128,leg,used_for_walking
s128,leg,has_a_thigh
s128,leg,has_a_calf
s128,leg,has_a_knee
s128,leg,connected_to_foot
s128,train,a_vehicle
s128,train,used_for_transportation
s128,train,used_for_travel
s128,train,used_for_cargo
s128,train,requires_steam
s128,train,used_for_long_travel
s128,train,has_cars
s128,apple,a_fruit
s128,apple,is_edible
s128,apple,is_red
s128,apple,is_yellow
s128,apple,is_green
s128,apple,grows_on_trees
s128,apple,is_eaten_in_all_seasons
s128,dog,an_animal
s128,dog,has_4_legs
s128,dog,an_animal
s128,dog,is_domestic
s128,dog,is_domestic
s129,shoes,worn_on_feet
s129,shoes,clothing
s129,shoes,worn_for_sports
s129,shoes,has_a_lace
s129,broom,used_for_floor_cleaning
s129,broom,has_a_long_handle
s129,broom,made_of_wood
s129,eye,a_body_part
s129,eye,used_for_seeing
s129,eye,different_colours
s129,eye,there_are_2
s129,table,furniture
s129,table,has_4_legs
s129,table,used_for_holding
s129,table,used_for_eating_on
s129,leg,a_body_part
s129,leg,there_are_2
s129,leg,used_for_walking
s129,leg,connected_to_foot
s129,train,a_vehicle
s129,train,used_for_travel
s129,train,used_on_rail_tracks
s129,train,has_cars
s129,train,has_a_caboose
s129,apple,a_fruit
s129,apple,is_red
s129,apple,is_yellow
s129,apple,is_green
s129,apple,has_a_core
s129,apple,associated_with_Snowhite
s129,dog,an_animal
s129,dog,beh_-_barks
s129,dog,is_man's_best_friend
s130,sweater,clothing
s130,sweater,a_relative_of_jackets
s130,sweater,has_buttons
s130,horse,an_animal
s130,horse,has_4_legs
s130,horse,is_tall
s130,horse,is_fast
s130,horse,used_by_riding
s130,hand,a_body_part
s130,hand,there_are_2
s130,hand,has_a_palm
s130,hand,has_fingers
s130,hand,has_5_fingers
s130,sword,a_weapon
s130,sword,has_a_handle
s130,sword,has_a_handle
s130,sword,has_a_blade
s130,sword,is_sharp
s130,sword,used_by_knights
s130,potato,a_tuber
s130,potato,grows_underground
s130,potato,tastes_sweet
s130,potato,is_edible
s130,potato,eaten_by_oven_baking
s130,potato,eaten_by_frying
s131,shoes,worn_on_feet
s131,shoes,worn_for_walking
s131,shoes,different_kinds
s131,shoes,has_a_sharp_tip
s131,shoes,has_a_heel
s131,shoes,there_are_2
s131,broom,used_for_floor_cleaning
s131,broom,used_for_removing_dust
s131,broom,made_of_wood
s131,eye,used_for_seeing
s131,eye,is_round
s131,eye,connected_to_optic_nerve
s131,eye,found_in_eyehole
s131,table,made_of_wood
s131,table,used_for_eating_on
s131,table,has_4_legs
s131,table,is_square
s131,table,is_round
s131,table,is_rectangular
s131,leg,a_body_part
s131,leg,there_are_2
s131,leg,has_3_bones
s131,leg,has_a_knee
s131,train,is_fast
s131,train,is_long
s131,train,has_a_caboose
s131,train,has_cars
s131,train,used_on_rail_tracks
s131,apple,a_fruit
s131,apple,grows_in_countryside
s131,apple,is_red
s131,apple,is_yellow
s131,apple,is_green
s131,apple,is_healthy
s131,dog,beh_-_barks
s131,dog,beh_-_walks_on_4_feet
s131,dog,has_a_fur
s131,dog,beh_-_has_strong_sense_of_smell
s132,sweater,worn_for_warmth
s132,sweater,worn_on_the_upper_body
s132,sweater,made_of_wool
s132,sweater,is_common
s132,horse,is_fast
s132,horse,is_large
s132,horse,beh_-_eats_hay
s132,horse,is_strong
s132,horse,is_domestic
s132,hand,used_for_grasping
s132,hand,used_for_doing
s132,hand,has_5_fingers
s132,hand,extreme_part_of_arm
s132,sword,used_for_killing
s132,sword,made_of_metal
s132,sword,is_cold
s132,sword,is_ancient
s132,sword,is_long
s132,sword,is_sharp
s132,sword,has_a_pointed_end
s132,sword,has_a_handle
s132,sword,has_a_handle
s132,sword,used_for_protection
s133,shoes,different_colours
s133,shoes,worn_on_feet
s133,shoes,has_a_lace
s133,shoes,different_kinds
s133,broom,has_a_handle
s133,broom,used_for_cleaning
s133,eye,used_for_seeing
s133,eye,there_are_2
s133,table,has_4_legs
s133,table,has_>_4_legs
s133,table,used_for_holding_food
s133,leg,used_for_support
s133,leg,there_are_2
s133,leg,used_for_walking
s133,train,a_vehicle
s133,train,used_for_transportation
s133,train,has_cars
s133,train,used_for_long_travel
s133,train,used_by_passengers
s133,train,used_on_rail_tracks
s133,apple,a_fruit
s133,apple,grows_on_trees
s133,apple,different_colours
s133,apple,has_a_stem
s133,dog,an_animal
s133,dog,beh_-_eats_meat
s133,dog,is_domestic
s133,dog,is_man's_best_friend
s133,dog,different_kinds
s133,dog,is_large
s133,dog,is_small
s134,sweater,clothing
s134,sweater,made_of_wool
s134,sweater,worn_for_the_cold
s134,sweater,worn_in_winter
s134,horse,is_large
s134,horse,an_animal
s134,horse,used_by_riding
s134,horse,beh_-_neighs
s134,horse,lives_in_the_Far_West
s134,horse,is_heavy
s134,hand,a_body_part
s134,hand,has_5_fingers
s134,hand,used_for_doing
s134,hand,beh_-_sweats
s134,sword,an_object
s134,sword,is_sharp
s134,sword,used_for_killing
s134,sword,is_medieval
s134,sword,mentioned_in_legends
s134,sword,is_heavy
s134,potato,is_edible
s134,potato,tastes_good
s134,potato,eaten_by_cooking
s134,potato,has_a_skin
s135,shoes,clothing
s135,shoes,worn_on_feet
s135,shoes,has_a_lace
s135,broom,used_for_floor_cleaning
s135,broom,has_a_handle
s135,broom,has_bristles
s135,eye,an_organ
s135,eye,part_of_head
s135,eye,used_for_seeing
s135,eye,there_are_2
s135,eye,different_colours
s135,eye,different_colours
s135,table,furniture
s135,table,has_3_legs
s135,table,has_>_3_legs
s135,table,has_a_board
s135,table,has_legs
s135,leg,a_body_part
s135,leg,there_are_2
s135,leg,connected_to_foot
s135,leg,has_2_parts
s135,leg,has_a_knee
s135,train,a_vehicle
s135,train,used_for_transportation
s135,train,used_on_rail_tracks
s135,train,is_late
s135,train,has_a_caboose
s135,train,has_cars
s135,train,makes_stops
s135,train,requires_energy
s135,apple,a_fruit
s135,apple,is_round
s135,apple,is_red
s135,apple,is_green
s135,apple,is_yellow
s135,apple,different_colours
s135,apple,is_edible
s135,apple,has_seeds
s135,apple,grows_on_trees
s135,apple,is_yellow_inside
s135,dog,an_animal
s135,dog,is_domestic
s135,dog,found_in_houses
s135,dog,different_kinds
s135,dog,has_a_fur
s135,dog,has_a_tail
s135,dog,has_4_legs
s135,dog,beh_-_barks
s135,dog,is_faithful
s136,shoes,worn_for_walking
s136,shoes,different_colours
s136,shoes,smells_bad
s136,shoes,worn_by_tying_with_laces
s136,shoes,worn_by_tying_with_strap
s136,broom,used_for_floor_cleaning
s136,broom,different_sizes
s136,eye,an_organ
s136,eye,used_for_seeing
s136,eye,different_colours
s136,eye,has_eyelashes
s136,eye,has_eyelids
s136,eye,beh_-_produces_tears
s136,table,an_object
s136,table,used_for_holding
s136,table,made_of_wood
s136,table,made_of_iron
s136,table,has_4_legs
s136,leg,an_organ
s136,leg,used_for_moving
s136,leg,has_a_fur
s136,leg,has_a_knee
s136,leg,has_bones
s136,leg,made_of_wood
s136,train,a_vehicle
s136,train,used_for_transportation
s136,train,used_on_rail_tracks
s136,train,is_long
s136,train,is_short
s136,train,used_by_passengers
s136,train,used_for_cargo
s136,apple,a_fruit
s136,apple,tastes_sweet
s136,apple,is_round
s136,apple,has_seeds
s136,dog,an_animal
s136,dog,is_wild
s136,dog,is_domestic
s136,dog,has_a_fur
s136,dog,has_a_tail
s136,dog,beh_-_barks
s136,dog,beh_-_eats_everything
s137,sweater,clothing
s137,sweater,has_2_sleeves
s137,sweater,is_closed_in_front
s137,sweater,has_buttons
s137,sweater,worn_for_warmth
s137,sweater,made_of_wool
s137,horse,an_animal
s137,horse,has_4_legs
s137,horse,is_fast
s137,horse,beh_-_neighs
s137,horse,has_a_mane
s137,horse,has_a_furred_tail
s137,horse,has_hooves
s137,horse,used_by_riding
s137,horse,used_for_racing
s137,hand,a_body_part
s137,hand,has_5_fingers
s137,hand,used_for_doing
s137,hand,beh_-_moves
s137,sword,a_weapon
s137,sword,is_sharp
s137,sword,used_for_war
s137,sword,has_a_blade
s137,sword,has_a_handle
s137,sword,different_sizes
s137,sword,used_for_cutting
s137,potato,clothing
s137,potato,is_edible
s137,potato,eaten_by_cooking
s137,potato,grows_underground
s137,potato,is_yellow_inside
s137,potato,has_starch
s137,potato,a_tuber
s137,potato,eaten_by_frying
s138,shoes,worn_on_feet
s138,shoes,has_a_lace
s138,shoes,worn_for_covering_feet
s138,shoes,different_shapes
s138,shoes,different_sizes
s138,shoes,different_colours
s138,broom,has_a_handle
s138,broom,used_for_house_cleaning
s138,broom,different_shapes
s138,broom,used_for_floor_cleaning
s138,eye,used_for_seeing
s138,eye,has_eyelashes
s138,eye,different_colours
s138,eye,made_of_water
s138,eye,is_delicate
s138,table,has_4_wooden_legs
s138,table,a_table
s138,table,is_flat
s138,table,used_for_writing_on
s138,table,used_for_eating_on
s138,table,made_of_wood
s138,table,different_sizes
s138,leg,a_body_part
s138,leg,connected_to_belly_and_foot
s138,leg,has_a_fur
s138,leg,used_for_walking
s138,leg,has_different_parts
s138,train,a_vehicle
s138,train,used_for_transportation
s138,train,used_on_rail_tracks
s138,train,is_long
s138,train,has_cars
s138,train,used_by_many_passengers
s138,train,used_for_long_travel
s138,apple,a_fruit
s138,apple,different_colours
s138,apple,is_round
s138,apple,is_hard
s138,apple,is_healthy
s138,dog,an_animal
s138,dog,has_4_legs
s138,dog,is_sweet
s138,dog,is_sociable
s138,dog,is_man's_best_friend
s138,dog,found_in_houses
s138,dog,beh_-_barks
s139,sweater,a_sweater
s139,sweater,has_long_sleeves
s139,sweater,made_of_wool
s139,sweater,worn_for_warmth
s139,horse,an_animal
s139,horse,is_large
s139,horse,has_4_legs
s139,horse,beh_-_eats_grass
s139,horse,is_fast
s139,hand,extreme_part_of_arm
s139,hand,used_for_grasping
s139,hand,shared_by_men_and_monkeys
s139,hand,has_5_fingers
s139,hand,has_a_palm
s139,sword,an_object
s139,sword,is_long
s139,sword,is_sharp
s139,sword,has_a_handle
s139,sword,used_for_war
s139,sword,used_for_cutting
s139,potato,is_edible
s139,potato,grows_underground
s139,potato,is_round
s139,potato,is_brown
s139,potato,is_yellow_inside
s139,potato,a_root
s140,shoes,worn_on_feet
s140,shoes,has_a_lace
s140,broom,a_tool
s140,broom,found_in_houses
s140,broom,used_for_floor_cleaning
s140,broom,has_a_long_handle
s140,broom,has_bristles
s140,eye,part_of_face
s140,eye,there_are_2
s140,eye,has_eyelids
s140,eye,is_brown
s140,eye,is_green
s140,eye,is_blue
s140,table,used_for_holding
s140,table,used_for_writing_on
s140,table,used_for_eating_on
s140,table,is_square
s140,table,is_round
s140,table,has_1_central_leg
s140,table,has_4_legs
s140,table,is_waist_tall
s140,leg,a_body_part
s140,leg,used_for_walking
s140,leg,connected_to_waist
s140,leg,has_bones
s140,leg,has_muscles
s140,leg,has_blood_vessels
s140,leg,has_ligaments
s140,leg,there_are_2
s140,train,a_vehicle
s140,train,used_for_transportation
s140,train,used_on_rail_tracks
s140,train,used_for_cargo
s140,train,used_by_passengers
s140,train,makes_stops
s140,apple,a_fruit
s140,apple,is_nutritious
s140,apple,is_green
s140,apple,is_red
s140,apple,has_a_stem
s140,apple,has_pulp
s140,apple,has_a_core
s140,dog,an_animal
s140,dog,is_common
s140,dog,is_domestic
s140,dog,is_wild
s140,dog,used_for_company
s140,dog,used_for_hunting
s140,dog,used_for_guarding
s140,dog,is_trained
s141,sweater,clothing
s141,sweater,worn_for_warmth
s141,sweater,worn_for_warmth
s141,sweater,different_colours
s141,sweater,made_of_wool
s141,sweater,made_of_cotton
s141,sweater,has_long_sleeves
s141,horse,an_animal
s141,horse,an_equine
s141,horse,is_tall
s141,horse,has_hooves
s141,horse,used_for_transportation
s141,horse,used_for_pulling
s141,horse,used_for_working
s141,horse,used_for_working
s141,horse,has_a_mane
s141,hand,extreme_part_of_upper_limbs
s141,hand,has_5_fingers
s141,hand,is_large
s141,hand,is_small
s141,hand,is_useful
s141,sword,causes_pain
s141,sword,is_ancient
s141,sword,used_for_war
s141,sword,is_long
s141,sword,is_short
s141,sword,made_of_metal
s141,sword,has_a_handle
s141,sword,has_a_handle
s141,sword,is_sharp
s141,sword,has_a_blade
s141,potato,a_vegetable
s141,potato,a_vegetable
s141,potato,eaten_by_frying
s141,potato,eaten_by_boiling
s141,potato,eaten_by_oven_baking
s141,potato,comes_from_America
s141,potato,comes_from_America
s141,potato,is_yellow
s142,shoes,worn_on_feet
s142,shoes,made_of_leather
s142,shoes,made_of_cloth
s142,shoes,has_a_sole
s142,shoes,worn_for_protecting_feet
s142,broom,used_for_floor_cleaning
s142,broom,has_a_handle
s142,eye,a_body_part
s142,eye,used_for_seeing
s142,eye,there_are_2
s142,eye,there_are_2
s142,eye,is_defected
s142,table,an_object
s142,table,used_for_holding
s142,table,has_2_legs
s142,table,has_>_2_legs
s142,table,has_a_board
s142,table,used_for_holding
s142,table,used_for_writing_on
s142,leg,a_body_part
s142,leg,used_for_walking
s142,leg,has_bones
s142,leg,has_muscles
s142,leg,connected_to_foot
s142,train,a_vehicle
s142,train,used_for_transportation
s142,train,used_on_rail_tracks
s142,train,used_by_many_passengers
s142,train,found_everywhere
s142,apple,a_fruit
s142,apple,is_juicy
s142,apple,is_green
s142,apple,is_yellow
s142,apple,is_red
s142,dog,an_animal
s142,dog,is_domestic
s142,dog,is_faithful
s142,dog,is_intelligent
s142,dog,has_4_legs
